InvoiceID,Gender,Products,Quantity,Total,Payment,Salary,Purchased
750-67-8428,Female,Health and beauty,7,548.9715,Ewallet,5600,Yes
226-31-3081,Female,Electronic accessories,5,80.22,Cash,3500,Yes
631-41-3108,Male,Home and lifestyle,7,340.5255,Credit card,9000,Yes
123-19-1176,Male,Health and beauty,8,489.048,Ewallet,12000,Yes
373-73-7910,Male,Sports and travel,7,634.3785,Ewallet,4500,Yes
699-14-3026,Male,Electronic accessories,7,627.6165,Ewallet,8000,Yes
355-53-5943,Female,Electronic accessories,6,433.692,Ewallet,7000,Yes
315-22-5665,Female,Home and lifestyle,14,988.16,Ewallet,1500,No
665-32-9167,Female,Health and beauty,2,76.146,Credit card,13000,Yes
692-92-5582,Female,Food and beverages,3,172.746,Credit card,9000,Yes
351-62-0822,Female,Fashion accessories,4,60.816,Ewallet,12000,Yes
529-56-3974,Male,Electronic accessories,4,107.142,Cash,5000,Yes
365-64-0515,Female,Electronic accessories,5,246.4875,Ewallet,4000,Yes
252-56-2699,Male,Food and beverages,10,453.495,Ewallet,18000,Yes
829-34-3910,Female,Health and beauty,10,749.49,Cash,8000,Yes
299-46-1805,Female,Sports and travel,6,703.923,Cash,1500,No
656-95-9349,Female,Health and beauty,7,506.6355,Credit card,1000,No
765-26-6951,Male,Sports and travel,6,457.443,Credit card,6000,Yes
329-62-1586,Male,Food and beverages,3,172.2105,Credit card,10000,No
319-50-3348,Female,Home and lifestyle,9,902.678,Ewallet,1000,No
300-71-4605,Male,Electronic accessories,5,451.71,Ewallet,22000,Yes
371-85-5789,Male,Health and beauty,13,950.82,Ewallet,6500,Yes
273-16-6619,Male,Home and lifestyle,2,69.72,Credit card,9000,Yes
636-48-8204,Male,Electronic accessories,5,181.44,Ewallet,3500,Yes
549-59-1358,Male,Sports and travel,3,279.1845,Ewallet,3000,Yes
227-03-5010,Female,Home and lifestyle,8,441.756,Credit card,2000,No
649-29-6775,Male,Fashion accessories,1,35.196,Cash,4500,Yes
189-17-4241,Female,Fashion accessories,2,184.107,Credit card,5000,Yes
145-94-9061,Female,Food and beverages,5,463.89,Cash,1200,No
848-62-7243,Male,Health and beauty,9,235.2105,Cash,18000,Yes
871-79-8483,Male,Fashion accessories,5,494.1825,Credit card,4000,Yes
149-71-6266,Male,Sports and travel,9,737.7615,Cash,7500,Yes
640-49-2076,Male,Sports and travel,8,703.752,Cash,16000,Yes
595-11-5460,Male,Health and beauty,2,202.818,Credit card,12000,Yes
183-56-6882,Female,Health and beauty,14,1000.986,Ewallet,1000,No
232-16-2483,Female,Sports and travel,1,71.526,Ewallet,17000,Yes
129-29-8530,Male,Sports and travel,5,328.755,Ewallet,28000,Yes
272-65-1806,Female,Electronic accessories,9,575.316,Ewallet,49000,Yes
333-73-7901,Female,Health and beauty,8,461.328,Ewallet,9000,Yes
777-82-7220,Male,Home and lifestyle,8,253.008,Cash,13000,Yes
280-35-5823,Female,Home and lifestyle,1,91.056,Ewallet,17000,Yes
554-53-8700,Male,Home and lifestyle,2,117.831,Cash,5000,Yes
354-25-5821,Female,Sports and travel,6,435.456,Cash,10000,Yes
228-96-1411,Female,Food and beverages,8,829.08,Cash,3000,No
617-15-4209,Male,Health and beauty,2,32.277,Cash,84000,Yes
132-32-9879,Female,Electronic accessories,4,394.632,Cash,3000,No
370-41-7321,Male,Health and beauty,9,535.7205,Credit card,7000,Yes
727-46-3608,Female,Food and beverages,9,189.0945,Ewallet,24000,No
669-54-1719,Male,Electronic accessories,6,119.259,Credit card,35000,Yes
574-22-5561,Female,Fashion accessories,10,867.615,Ewallet,8000,Yes
326-78-5178,Male,Food and beverages,7,671.79,Cash,32000,No
162-48-8011,Female,Food and beverages,5,234.0975,Cash,44000,Yes
616-24-2851,Female,Fashion accessories,4,75.054,Ewallet,1500,No
778-71-5554,Male,Fashion accessories,1,16.2015,Credit card,12000,Yes
242-55-6721,Male,Home and lifestyle,2,33.936,Ewallet,4500,Yes
399-46-5918,Female,Electronic accessories,8,1778.23,Cash,5000,No
106-35-6779,Male,Home and lifestyle,2,93.114,Cash,2000,No
635-40-6220,Male,Health and beauty,8,752.64,Ewallet,1200,No
817-48-8732,Female,Home and lifestyle,10,759.675,Cash,3500,No
120-06-4233,Male,Electronic accessories,13,1009.87,Cash,12000,Yes
285-68-5083,Female,Sports and travel,3,77.931,Credit card,3500,Yes
803-83-5989,Male,Home and lifestyle,6,351.099,Ewallet,2000,Yes
347-34-2234,Female,Sports and travel,9,520.4115,Ewallet,5000,Yes
199-75-8169,Male,Sports and travel,10,166.005,Credit card,4000,Yes
853-23-2453,Male,Health and beauty,4,318.108,Cash,12000,Yes
877-22-3308,Male,Health and beauty,10,166.635,Cash,8000,Yes
838-78-4295,Female,Health and beauty,2,70.287,Ewallet,3000,Yes
109-28-2512,Female,Fashion accessories,6,614.943,Ewallet,20000,Yes
232-11-3025,Male,Sports and travel,10,827.085,Cash,6000,Yes
382-03-4532,Female,Health and beauty,1,19.2465,Cash,10000,Yes
393-65-2792,Male,Food and beverages,10,939.54,Credit card,12000,Yes
796-12-2025,Male,Fashion accessories,10,652.26,Cash,9000,Yes
510-95-6347,Female,Food and beverages,3,152.838,Ewallet,8000,Yes
841-35-6630,Female,Electronic accessories,6,478.233,Cash,7000,Yes
287-21-9091,Male,Home and lifestyle,9,705.6315,Ewallet,1500,Yes
732-94-0499,Female,Electronic accessories,10,437.325,Credit card,13000,Yes
263-10-3913,Male,Fashion accessories,9,463.428,Credit card,9000,Yes
381-20-0914,Female,Fashion accessories,9,189.0945,Credit card,3500,Yes
829-49-1914,Female,Food and beverages,10,822.255,Ewallet,5000,Yes
756-01-7507,Female,Health and beauty,5,106.995,Cash,4000,Yes
870-72-4431,Female,Health and beauty,6,624.897,Credit card,3500,Yes
847-38-7188,Female,Food and beverages,3,304.542,Ewallet,2000,Yes
480-63-2856,Male,Food and beverages,8,161.7,Ewallet,5000,Yes
787-56-0757,Female,Food and beverages,4,337.512,Credit card,4000,Yes
360-39-5055,Male,Sports and travel,5,256.7775,Cash,12000,Yes
730-50-9884,Female,Sports and travel,7,610.491,Ewallet,8000,Yes
362-58-8315,Male,Fashion accessories,5,401.73,Cash,3000,Yes
633-44-8566,Male,Food and beverages,7,362.943,Credit card,20000,Yes
504-35-8843,Male,Sports and travel,1,44.5935,Cash,1200,No
318-68-5053,Female,Health and beauty,6,485.037,Cash,10000,Yes
565-80-5980,Female,Home and lifestyle,4,198.996,Cash,12000,Yes
225-32-0908,Female,Sports and travel,10,471.03,Ewallet,1300,No
873-51-0671,Female,Sports and travel,7,161.553,Ewallet,1000,No
152-08-9985,Male,Health and beauty,9,608.202,Credit card,1000,No
512-91-0811,Male,Health and beauty,1,94.2375,Credit card,1500,Yes
594-34-4444,Male,Electronic accessories,1,102.018,Ewallet,1200,No
766-85-7061,Male,Health and beauty,10,922.635,Ewallet,4500,Yes
871-39-9221,Female,Electronic accessories,6,78.435,Cash,3500,Yes
865-92-6136,Male,Food and beverages,3,166.1625,Ewallet,5000,Yes
733-01-9107,Male,Home and lifestyle,6,521.01,Cash,4000,Yes
163-56-7055,Male,Fashion accessories,1,51.1455,Cash,3500,Yes
189-98-2939,Male,Fashion accessories,9,742.2975,Cash,2000,Yes
551-21-3069,Female,Electronic accessories,9,218.0115,Cash,5000,Yes
212-62-1842,Male,Food and beverages,6,367.038,Cash,4000,Yes
716-39-1409,Male,Health and beauty,7,223.0725,Cash,12000,Yes
704-48-3927,Male,Electronic accessories,10,931.035,Ewallet,8000,Yes
628-34-3388,Male,Fashion accessories,6,172.494,Credit card,3000,Yes
630-74-5166,Male,Sports and travel,6,391.419,Cash,20000,Yes
588-01-7461,Female,Food and beverages,9,321.111,Cash,6000,Yes
861-77-0145,Male,Electronic accessories,10,860.685,Cash,10000,Yes
479-26-8945,Female,Sports and travel,2,34.629,Ewallet,12000,Yes
210-67-5886,Female,Health and beauty,3,309.3615,Credit card,9000,Yes
227-78-1148,Female,Fashion accessories,7,535.374,Cash,8000,Yes
645-44-1170,Male,Home and lifestyle,9,548.7615,Ewallet,7000,Yes
237-01-6122,Female,Home and lifestyle,9,763.4655,Credit card,1500,Yes
225-98-1496,Female,Fashion accessories,3,85.113,Credit card,13000,Yes
291-32-1427,Male,Fashion accessories,5,115.185,Ewallet,9000,Yes
659-65-8956,Male,Fashion accessories,1,53.928,Ewallet,3500,Yes
642-32-2990,Female,Food and beverages,10,115.08,Ewallet,5000,Yes
378-24-2715,Male,Home and lifestyle,2,112.224,Ewallet,4000,Yes
638-60-7125,Female,Electronic accessories,8,836.304,Credit card,7000,Yes
659-36-1684,Male,Sports and travel,7,419.832,Credit card,3500,Yes
219-22-9386,Male,Sports and travel,9,944.622,Credit card,2000,Yes
336-78-2147,Male,Home and lifestyle,8,536.844,Credit card,5000,Yes
268-27-6179,Female,Fashion accessories,8,474.348,Ewallet,4000,Yes
668-90-8900,Female,Home and lifestyle,7,688.6215,Credit card,12000,Yes
870-54-3162,Female,Sports and travel,5,169.3125,Cash,1000,No
189-08-9157,Female,Fashion accessories,9,299.8485,Credit card,1500,No
663-86-9076,Female,Food and beverages,8,575.736,Ewallet,20000,Yes
549-84-7482,Female,Sports and travel,9,853.146,Ewallet,6000,No
191-10-6171,Female,Fashion accessories,7,291.207,Cash,10000,No
802-70-5316,Female,Sports and travel,6,580.419,Cash,12000,No
695-51-0018,Female,Sports and travel,4,146.328,Cash,9000,No
590-83-4591,Male,Electronic accessories,6,550.935,Credit card,8000,Yes
483-71-1164,Female,Health and beauty,6,512.19,Ewallet,7000,Yes
597-78-7908,Male,Fashion accessories,3,284.193,Cash,1500,Yes
700-81-1757,Female,Electronic accessories,5,138.1275,Credit card,13000,Yes
354-39-5160,Female,Home and lifestyle,6,216.846,Cash,9000,Yes
241-72-9525,Male,Sports and travel,10,545.055,Cash,3500,Yes
575-30-8091,Male,Sports and travel,8,609,Ewallet,5000,Yes
731-81-9469,Female,Sports and travel,10,942.9,Credit card,4000,Yes
280-17-4359,Male,Health and beauty,10,950.25,Cash,8000,No
338-65-2210,Female,Health and beauty,10,720.3,Cash,9000,Yes
488-25-4221,Female,Food and beverages,1,31.9305,Credit card,3500,Yes
239-10-7476,Female,Home and lifestyle,6,491.085,Ewallet,2000,Yes
458-41-1477,Female,Health and beauty,6,291.438,Credit card,5000,Yes
685-64-1609,Female,Fashion accessories,10,316.47,Ewallet,4000,Yes
568-90-5112,Male,Health and beauty,4,277.788,Credit card,12000,Yes
262-47-2794,Male,Home and lifestyle,8,603.624,Credit card,8000,Yes
238-49-0436,Male,Health and beauty,8,272.664,Credit card,3000,Yes
608-96-3517,Female,Fashion accessories,4,384.468,Credit card,2000,No
584-86-7256,Male,Sports and travel,7,254.016,Credit card,1200,No
746-94-0204,Male,Fashion accessories,9,786.618,Credit card,10000,Yes
214-17-6927,Female,Food and beverages,6,103.824,Ewallet,12000,Yes
400-89-4171,Female,Sports and travel,8,680.148,Cash,9000,Yes
782-95-9291,Male,Food and beverages,5,484.5225,Credit card,8000,Yes
279-74-2924,Male,Electronic accessories,1,75.7785,Cash,7000,Yes
307-85-2293,Male,Home and lifestyle,5,263.97,Ewallet,1500,Yes
743-04-1105,Male,Health and beauty,9,918.729,Ewallet,13000,Yes
423-57-2993,Male,Sports and travel,6,588.357,Ewallet,9000,Yes
894-41-5205,Female,Food and beverages,8,362.712,Credit card,3500,Yes
275-28-0149,Male,Sports and travel,1,66.8745,Cash,5000,Yes
101-17-6199,Male,Food and beverages,7,336.5565,Credit card,4000,Yes
423-80-0988,Male,Sports and travel,2,160.44,Ewallet,3500,Yes
548-46-9322,Male,Food and beverages,10,418.95,Credit card,2000,Yes
505-02-0892,Male,Health and beauty,8,357.588,Ewallet,5000,Yes
234-65-2137,Male,Home and lifestyle,10,1003.59,Cash,4000,Yes
687-47-8271,Male,Fashion accessories,10,1039.29,Credit card,12000,Yes
796-32-9050,Male,Food and beverages,6,323.064,Cash,1200,No
105-31-1824,Male,Sports and travel,7,510.972,Credit card,1500,No
249-42-3782,Male,Health and beauty,5,367.5525,Ewallet,20000,Yes
316-55-4634,Male,Food and beverages,5,420.2625,Credit card,6000,Yes
733-33-4967,Male,Electronic accessories,8,175.14,Cash,10000,Yes
608-27-6295,Male,Electronic accessories,6,333.207,Credit card,12000,Yes
414-12-7047,Male,Food and beverages,8,166.236,Ewallet,2000,No
827-26-2100,Male,Home and lifestyle,9,319.788,Ewallet,8000,Yes
175-54-2529,Male,Food and beverages,8,186.228,Credit card,7000,No
139-52-2867,Female,Fashion accessories,7,165.4485,Credit card,1500,Yes
407-63-8975,Male,Food and beverages,6,465.444,Ewallet,13000,No
342-65-4817,Male,Health and beauty,3,273.42,Ewallet,9000,Yes
130-98-8941,Male,Fashion accessories,7,472.311,Cash,3500,No
434-83-9547,Male,Food and beverages,8,323.148,Cash,1500,No
851-28-6367,Male,Sports and travel,10,509.346,Ewallet,2500,No
824-88-3614,Male,Health and beauty,8,288.204,Ewallet,3500,Yes
586-25-0848,Female,Sports and travel,7,90.699,Credit card,2000,Yes
895-66-0685,Male,Food and beverages,3,56.952,Ewallet,5000,Yes
305-14-0245,Female,Home and lifestyle,8,793.716,Ewallet,4000,Yes
732-04-5373,Male,Home and lifestyle,4,195.174,Cash,12000,No
400-60-7251,Male,Home and lifestyle,1,77.7735,Ewallet,8000,Yes
593-65-1552,Female,Home and lifestyle,4,293.202,Credit card,3000,Yes
284-34-9626,Female,Home and lifestyle,3,242.676,Credit card,20000,Yes
437-58-8131,Female,Fashion accessories,2,154.392,Ewallet,6000,Yes
286-43-6208,Female,Food and beverages,9,829.71,Cash,10000,Yes
641-43-2399,Male,Home and lifestyle,4,107.31,Ewallet,12000,Yes
831-07-6050,Male,Electronic accessories,5,171.7275,Credit card,9000,Yes
556-86-3144,Female,Fashion accessories,1,78.0045,Cash,8000,Yes
848-24-9445,Male,Health and beauty,2,91.77,Cash,7000,Yes
856-22-8149,Female,Home and lifestyle,1,26.5545,Ewallet,1500,Yes
699-01-4164,Male,Health and beauty,4,174.3,Credit card,13000,Yes
420-11-4919,Female,Food and beverages,5,374.7975,Credit card,9000,Yes
606-80-4905,Female,Sports and travel,6,120.645,Credit card,3500,Yes
542-41-0513,Female,Electronic accessories,4,241.458,Cash,5000,Yes
426-39-2418,Male,Electronic accessories,7,451.3635,Cash,4000,Yes
875-46-5808,Male,Health and beauty,10,271.95,Ewallet,3500,Yes
394-43-4238,Male,Home and lifestyle,5,93.2925,Credit card,2000,Yes
749-24-1565,Female,Health and beauty,9,217.6335,Ewallet,5000,Yes
672-51-8681,Female,Electronic accessories,9,629.8425,Credit card,1000,No
263-87-5680,Female,Home and lifestyle,10,299.565,Ewallet,12000,Yes
573-58-9734,Female,Fashion accessories,3,95.6655,Ewallet,8000,Yes
817-69-8206,Female,Electronic accessories,9,942.4485,Credit card,1000,No
888-02-0338,Male,Electronic accessories,9,247.8735,Ewallet,20000,Yes
677-11-0152,Female,Food and beverages,9,881.307,Cash,1200,No
142-63-6033,Male,Home and lifestyle,5,484.89,Ewallet,10000,Yes
656-16-1063,Male,Sports and travel,3,146.223,Credit card,12000,Yes
891-58-8335,Female,Sports and travel,7,217.6335,Cash,9000,Yes
802-43-8934,Male,Home and lifestyle,1,19.194,Credit card,8000,Yes
560-30-5617,Female,Sports and travel,5,130.0425,Cash,7000,Yes
319-74-2561,Female,Electronic accessories,3,298.116,Cash,1500,Yes
549-03-9315,Male,Fashion accessories,8,796.908,Ewallet,13000,Yes
790-29-1172,Female,Food and beverages,3,180.621,Credit card,9000,Yes
239-36-3640,Male,Electronic accessories,6,285.705,Ewallet,3500,Yes
468-01-2051,Male,Food and beverages,7,456.288,Ewallet,5000,Yes
389-25-3394,Male,Electronic accessories,5,62.0025,Cash,4000,Yes
279-62-1445,Female,Fashion accessories,1,13.167,Cash,3500,Yes
213-72-6612,Male,Food and beverages,2,90.825,Cash,2000,Yes
746-68-6593,Female,Sports and travel,12,1498.64,Credit card,2000,No
836-82-5858,Male,Health and beauty,9,655.5465,Ewallet,1000,No
583-72-1480,Male,Electronic accessories,4,155.652,Ewallet,12000,Yes
466-61-5506,Female,Electronic accessories,6,571.41,Cash,8000,Yes
721-86-6247,Female,Home and lifestyle,8,532.728,Ewallet,3000,Yes
289-65-5721,Female,Fashion accessories,2,170.877,Cash,20000,Yes
545-46-3100,Female,Electronic accessories,3,33.3585,Credit card,6000,Yes
418-02-5978,Female,Health and beauty,9,794.6505,Cash,1000,No
269-04-5750,Male,Fashion accessories,4,310.044,Cash,12000,Yes
157-13-5295,Male,Health and beauty,10,545.37,Ewallet,9000,Yes
645-78-8093,Female,Sports and travel,2,195.594,Ewallet,8000,Yes
211-30-9270,Male,Health and beauty,5,91.4025,Credit card,7000,Yes
755-12-3214,Female,Fashion accessories,5,232.155,Credit card,1500,Yes
346-84-3103,Female,Electronic accessories,5,69.405,Cash,13000,Yes
478-06-7835,Male,Fashion accessories,1,94.1745,Ewallet,9000,Yes
540-11-4336,Male,Food and beverages,9,235.683,Credit card,3500,Yes
448-81-5016,Male,Health and beauty,2,125.517,Credit card,5000,Yes
142-72-4741,Male,Fashion accessories,2,195.72,Credit card,4000,Yes
217-58-1179,Male,Home and lifestyle,4,263.13,Cash,3500,Yes
376-02-8238,Male,Home and lifestyle,8,788.508,Credit card,1000,No
530-90-9855,Male,Home and lifestyle,8,399.756,Cash,5000,Yes
866-05-7563,Female,Electronic accessories,3,256.41,Cash,4000,Yes
604-70-6476,Male,Fashion accessories,5,94.185,Ewallet,12000,Yes
799-71-1548,Male,Electronic accessories,4,326.424,Credit card,8000,Yes
785-13-7708,Male,Food and beverages,7,536.991,Credit card,3000,Yes
845-51-0542,Male,Food and beverages,9,439.8975,Ewallet,20000,Yes
662-47-5456,Male,Fashion accessories,10,369.495,Credit card,6000,Yes
883-17-4236,Female,Sports and travel,2,30.219,Credit card,10000,Yes
290-68-2984,Male,Home and lifestyle,4,99.75,Cash,12000,Yes
704-11-6354,Male,Home and lifestyle,8,494.76,Cash,9000,Yes
110-48-7033,Male,Fashion accessories,4,137.004,Cash,8000,Yes
366-93-0948,Male,Electronic accessories,1,69.6675,Credit card,7000,Yes
729-09-9681,Male,Home and lifestyle,6,163.233,Ewallet,1500,Yes
151-16-1484,Male,Electronic accessories,4,135.45,Ewallet,13000,Yes
380-94-4661,Male,Electronic accessories,4,276.948,Credit card,9000,Yes
850-41-9669,Female,Electronic accessories,9,709.317,Ewallet,3500,Yes
821-07-3596,Female,Fashion accessories,4,69.09,Ewallet,5000,Yes
655-85-5130,Female,Fashion accessories,4,160.86,Cash,4000,Yes
447-15-7839,Female,Sports and travel,10,233.52,Cash,3500,Yes
154-74-7179,Male,Sports and travel,1,57.1725,Ewallet,2000,Yes
253-12-6086,Female,Sports and travel,7,723.24,Credit card,5000,Yes
808-65-0703,Male,Home and lifestyle,4,148.974,Credit card,4000,Yes
571-94-0759,Female,Food and beverages,10,783.3,Cash,12000,Yes
144-51-6085,Male,Home and lifestyle,4,297.108,Credit card,8000,Yes
731-14-2199,Female,Home and lifestyle,10,373.17,Ewallet,3000,Yes
783-09-1637,Female,Sports and travel,5,354.0075,Ewallet,20000,Yes
687-15-1097,Female,Health and beauty,2,44.352,Cash,6000,Yes
126-54-1082,Female,Home and lifestyle,9,203.553,Credit card,10000,Yes
633-91-1052,Female,Home and lifestyle,2,25.263,Cash,12000,Yes
477-24-6490,Female,Health and beauty,6,628.173,Ewallet,9000,Yes
566-19-5475,Male,Fashion accessories,7,352.5795,Cash,8000,Yes
526-86-8552,Female,Home and lifestyle,10,229.11,Cash,7000,Yes
376-56-3573,Female,Fashion accessories,4,400.764,Ewallet,1500,Yes
537-72-0426,Male,Fashion accessories,10,745.395,Cash,1200,No
828-61-5674,Male,Sports and travel,10,462.21,Credit card,9000,Yes
136-08-6195,Female,Home and lifestyle,8,587.664,Credit card,1000,No
523-38-0215,Male,Home and lifestyle,1,38.85,Credit card,5000,Yes
490-29-1201,Female,Sports and travel,1,16.107,Cash,4000,Yes
667-92-0055,Male,Health and beauty,6,628.929,Ewallet,1200,No
565-17-3836,Female,Health and beauty,4,200.214,Cash,2000,Yes
498-41-1961,Male,Health and beauty,5,350.07,Cash,5000,Yes
593-95-4461,Male,Home and lifestyle,1,78.603,Cash,4000,Yes
226-71-3580,Female,Sports and travel,9,224.4375,Cash,12000,Yes
283-79-9594,Female,Food and beverages,7,356.5485,Credit card,8000,Yes
430-60-3493,Female,Home and lifestyle,7,697.368,Cash,3000,Yes
139-20-0155,Male,Electronic accessories,10,423.15,Credit card,20000,Yes
558-80-4082,Male,Electronic accessories,7,204.6975,Ewallet,6000,Yes
278-97-7759,Female,Electronic accessories,1,65.604,Cash,10000,Yes
316-68-6352,Female,Food and beverages,2,76.356,Cash,12000,Yes
585-03-5943,Male,Health and beauty,10,190.155,Ewallet,9000,Yes
211-05-0490,Female,Electronic accessories,5,272.58,Cash,8000,Yes
727-75-6477,Male,Electronic accessories,4,121.128,Cash,7000,Yes
744-02-5987,Male,Home and lifestyle,6,493.794,Ewallet,1200,No
307-83-9164,Male,Home and lifestyle,4,252.042,Cash,13000,Yes
779-06-0012,Female,Home and lifestyle,1,93.0405,Cash,9000,Yes
446-47-6729,Male,Fashion accessories,2,209.622,Credit card,3500,Yes
573-10-3877,Male,Health and beauty,1,40.9605,Credit card,5000,Yes
735-06-4124,Male,Food and beverages,1,51.0405,Cash,4000,Yes
439-54-7422,Female,Electronic accessories,4,214.998,Credit card,3500,Yes
396-90-2219,Female,Electronic accessories,8,125.664,Cash,2000,Yes
411-77-0180,Male,Electronic accessories,7,530.67,Ewallet,5000,Yes
286-01-5402,Female,Sports and travel,7,295.6905,Cash,4000,Yes
803-17-8013,Female,Home and lifestyle,8,745.836,Cash,12000,Yes
512-98-1403,Female,Electronic accessories,3,83.412,Ewallet,8000,Yes
848-42-2560,Female,Fashion accessories,2,172.011,Cash,3000,Yes
532-59-7201,Male,Sports and travel,6,503.559,Cash,20000,Yes
181-94-6432,Male,Fashion accessories,2,145.593,Ewallet,6000,Yes
870-76-1733,Female,Food and beverages,5,74.7075,Credit card,10000,Yes
423-64-4619,Female,Health and beauty,9,146.9475,Cash,12000,Yes
227-07-4446,Female,Electronic accessories,10,820.365,Cash,9000,Yes
174-36-3675,Male,Food and beverages,2,208.677,Cash,8000,Yes
428-83-5800,Female,Food and beverages,3,66.402,Cash,7000,Yes
603-07-0961,Male,Electronic accessories,5,392.6475,Cash,1500,Yes
704-20-4138,Female,Health and beauty,7,218.0745,Credit card,13000,Yes
787-15-1757,Male,Health and beauty,4,185.094,Ewallet,9000,Yes
649-11-3678,Female,Food and beverages,9,216.6885,Cash,3500,Yes
622-20-1945,Female,Health and beauty,1,41.391,Cash,5000,Yes
372-94-8041,Male,Health and beauty,6,96.138,Ewallet,4000,Yes
563-91-7120,Female,Fashion accessories,5,324.2925,Cash,30000,Yes
746-54-5508,Male,Home and lifestyle,6,135.576,Credit card,3500,Yes
276-54-0879,Male,Sports and travel,4,410.508,Ewallet,2000,Yes
815-11-1168,Male,Food and beverages,5,523.845,Cash,5000,Yes
719-76-3868,Male,Food and beverages,4,395.892,Cash,4000,Yes
730-61-8757,Male,Health and beauty,4,214.746,Credit card,12000,Yes
340-66-0321,Male,Electronic accessories,4,152.712,Cash,8000,Yes
868-81-1752,Male,Home and lifestyle,9,208.089,Cash,3000,Yes
634-97-8956,Male,Food and beverages,3,103.635,Credit card,20000,Yes
566-71-1091,Male,Fashion accessories,5,404.355,Cash,6000,Yes
442-48-3607,Male,Food and beverages,2,49.308,Credit card,10000,Yes
835-16-0096,Male,Sports and travel,5,77.175,Ewallet,12000,Yes
527-09-6272,Female,Electronic accessories,5,149.3625,Credit card,9000,Yes
898-04-2717,Male,Fashion accessories,9,721.98,Ewallet,8000,Yes
692-27-8933,Female,Sports and travel,6,365.085,Cash,7000,Yes
633-09-3463,Female,Electronic accessories,3,150.0975,Credit card,1500,Yes
374-17-3652,Female,Food and beverages,9,404.649,Credit card,13000,Yes
378-07-7001,Male,Electronic accessories,3,151.4835,Credit card,9000,Yes
433-75-6987,Female,Health and beauty,7,411.3795,Ewallet,3500,Yes
873-95-4984,Female,Health and beauty,7,565.215,Cash,5000,Yes
416-13-5917,Female,Food and beverages,5,509.4075,Ewallet,1200,No
150-89-8043,Male,Sports and travel,3,140.6475,Cash,5000,Yes
135-84-8019,Female,Fashion accessories,9,736.4385,Ewallet,3500,Yes
441-94-7118,Male,Electronic accessories,1,75.5475,Cash,3500,Yes
725-96-3778,Female,Home and lifestyle,8,749.7,Cash,2000,Yes
531-80-1784,Male,Electronic accessories,7,191.247,Cash,5000,Yes
400-45-1220,Female,Health and beauty,10,141.75,Credit card,4000,Yes
860-79-0874,Female,Fashion accessories,10,1042.65,Credit card,12000,Yes
834-61-8124,Male,Electronic accessories,7,379.9215,Cash,8000,Yes
115-99-4379,Female,Fashion accessories,7,402.2655,Credit card,3000,Yes
565-67-6697,Male,Home and lifestyle,9,255.15,Cash,20000,Yes
320-49-6392,Female,Electronic accessories,1,31.752,Cash,6000,Yes
889-04-9723,Female,Food and beverages,4,374.388,Credit card,10000,Yes
632-90-0281,Female,Fashion accessories,10,394.275,Credit card,12000,Yes
554-42-2417,Female,Sports and travel,10,1002.12,Cash,9000,Yes
453-63-6187,Male,Electronic accessories,3,86.625,Ewallet,8000,Yes
578-80-7669,Male,Sports and travel,1,78.7185,Cash,7000,Yes
612-36-5536,Male,Food and beverages,8,680.064,Credit card,1500,No
605-72-4132,Female,Food and beverages,8,793.548,Cash,13000,Yes
471-41-2823,Male,Food and beverages,2,209.559,Ewallet,9000,Yes
462-67-9126,Male,Home and lifestyle,6,461.286,Cash,3500,Yes
272-27-9238,Female,Food and beverages,4,173.208,Cash,5000,Yes
834-25-9262,Female,Fashion accessories,4,343.056,Cash,4000,Yes
122-61-9553,Female,Electronic accessories,9,484.974,Cash,3500,Yes
468-88-0009,Male,Home and lifestyle,4,276.948,Cash,2000,Yes
613-59-9758,Female,Sports and travel,10,150.78,Cash,5000,Yes
254-31-0042,Male,Electronic accessories,9,203.175,Credit card,4000,Yes
201-86-2184,Female,Electronic accessories,7,193.011,Cash,12000,Yes
261-12-8671,Female,Fashion accessories,2,128.016,Credit card,8000,Yes
730-70-9830,Female,Home and lifestyle,6,441.693,Ewallet,3000,Yes
382-25-8917,Male,Fashion accessories,6,265.104,Cash,20000,Yes
422-29-8786,Female,Home and lifestyle,5,352.2225,Credit card,6000,Yes
667-23-5919,Female,Fashion accessories,5,507.675,Ewallet,10000,Yes
843-01-4703,Female,Home and lifestyle,9,334.341,Credit card,12000,Yes
743-88-1662,Male,Sports and travel,7,701.8515,Ewallet,9000,Yes
595-86-2894,Male,Fashion accessories,4,407.316,Ewallet,8000,Yes
182-69-8360,Female,Electronic accessories,4,99.33,Credit card,7000,Yes
289-15-7034,Male,Sports and travel,4,345.786,Credit card,1500,Yes
462-78-5240,Female,Electronic accessories,2,55.881,Cash,13000,Yes
868-52-7573,Female,Food and beverages,5,523.3725,Cash,9000,Yes
153-58-4872,Female,Food and beverages,4,314.538,Ewallet,3500,Yes
662-72-2873,Female,Food and beverages,5,214.935,Ewallet,5000,Yes
525-88-7307,Male,Sports and travel,1,79.611,Cash,4000,Yes
689-16-9784,Male,Food and beverages,6,294.651,Cash,3500,Yes
725-56-0833,Female,Health and beauty,10,339.36,Credit card,2000,Yes
394-41-0748,Female,Fashion accessories,9,510.9615,Ewallet,5000,Yes
596-42-3999,Male,Food and beverages,7,133.917,Credit card,4000,Yes
541-89-9860,Female,Fashion accessories,3,253.512,Cash,12000,Yes
173-82-9529,Female,Fashion accessories,10,398.475,Cash,8000,Yes
563-36-9814,Male,Electronic accessories,1,80.661,Ewallet,3000,Yes
308-47-4913,Female,Sports and travel,10,548.73,Credit card,20000,Yes
885-17-6250,Female,Health and beauty,1,83.727,Ewallet,6000,Yes
726-27-2396,Female,Health and beauty,5,406.875,Ewallet,10000,Yes
316-01-3952,Female,Food and beverages,5,284.9175,Ewallet,12000,Yes
760-54-1821,Male,Home and lifestyle,9,128.4255,Cash,9000,Yes
793-10-3222,Female,Health and beauty,6,258.678,Credit card,8000,Yes
346-12-3257,Male,Electronic accessories,9,181.818,Cash,7000,Yes
110-05-6330,Female,Food and beverages,6,248.409,Credit card,1500,Yes
651-61-0874,Male,Home and lifestyle,4,194.124,Credit card,13000,Yes
236-86-3015,Male,Home and lifestyle,1,14.679,Ewallet,9000,Yes
831-64-0259,Female,Fashion accessories,5,208.6875,Ewallet,3500,Yes
587-03-7455,Female,Fashion accessories,7,718.7565,Ewallet,5000,Yes
882-40-4577,Male,Sports and travel,4,282.492,Credit card,4000,Yes
732-67-5346,Male,Food and beverages,5,72.3975,Credit card,3500,Yes
725-32-9708,Female,Fashion accessories,4,288.582,Cash,2000,Yes
256-08-8343,Female,Home and lifestyle,4,237.426,Ewallet,5000,Yes
372-26-1506,Female,Fashion accessories,5,125.055,Ewallet,4000,Yes
244-08-0162,Female,Health and beauty,10,359.205,Cash,12000,Yes
569-71-4390,Male,Sports and travel,2,45.927,Ewallet,8000,Yes
132-23-6451,Male,Health and beauty,5,110.0925,Cash,3000,Yes
696-90-2548,Male,Sports and travel,3,81.396,Ewallet,20000,Yes
472-15-9636,Male,Home and lifestyle,8,427.812,Ewallet,6000,Yes
268-03-6164,Male,Health and beauty,1,100.9155,Ewallet,10000,Yes
750-57-9686,Female,Home and lifestyle,4,190.596,Credit card,12000,Yes
186-09-3669,Female,Health and beauty,1,85.5855,Ewallet,9000,Yes
848-07-1692,Female,Health and beauty,2,120.162,Ewallet,8000,Yes
745-71-3520,Female,Electronic accessories,7,185.367,Cash,7000,Yes
266-76-6436,Female,Food and beverages,3,121.59,Ewallet,1500,Yes
740-22-2500,Female,Electronic accessories,3,264.7575,Cash,13000,Yes
271-88-8734,Female,Fashion accessories,10,1020.705,Credit card,9000,Yes
301-81-8610,Male,Fashion accessories,8,213.528,Credit card,3500,Yes
489-64-4354,Male,Fashion accessories,1,17.094,Cash,5000,Yes
198-84-7132,Male,Fashion accessories,9,383.7645,Cash,4000,Yes
269-10-8440,Male,Health and beauty,7,390.7995,Cash,9000,Yes
650-98-6268,Female,Food and beverages,3,65.7405,Credit card,3500,Yes
741-73-3559,Male,Sports and travel,5,353.1675,Cash,2000,Yes
325-77-6186,Female,Home and lifestyle,10,951.825,Ewallet,5000,Yes
286-75-7818,Male,Fashion accessories,2,145.068,Credit card,4000,Yes
574-57-9721,Male,Food and beverages,2,90.867,Ewallet,12000,Yes
459-50-7686,Female,Electronic accessories,6,147.798,Ewallet,8000,Yes
616-87-0016,Male,Fashion accessories,7,702.219,Credit card,3000,Yes
837-55-7229,Female,Fashion accessories,1,49.812,Credit card,20000,Yes
751-69-0068,Male,Sports and travel,9,937.818,Ewallet,6000,Yes
257-73-1380,Male,Sports and travel,4,348.306,Ewallet,10000,Yes
345-08-4992,Male,Home and lifestyle,6,214.137,Credit card,12000,Yes
549-96-4200,Male,Food and beverages,4,71.568,Ewallet,9000,Yes
810-60-6344,Female,Electronic accessories,8,343.224,Credit card,8000,Yes
450-28-2866,Male,Food and beverages,5,91.56,Cash,7000,Yes
394-30-3170,Female,Sports and travel,8,742.812,Credit card,1500,Yes
138-17-5109,Female,Home and lifestyle,9,843.0345,Credit card,13000,Yes
192-98-7397,Male,Fashion accessories,10,890.752,Ewallet,1200,No
301-11-9629,Female,Sports and travel,7,140.385,Cash,3500,Yes
390-80-5128,Female,Health and beauty,10,2097.61,Credit card,2500,No
235-46-8343,Male,Food and beverages,10,290.43,Credit card,4000,Yes
453-12-7053,Male,Fashion accessories,3,144.081,Credit card,24000,Yes
296-11-7041,Female,Health and beauty,1,28.4235,Credit card,35000,Yes
449-27-2918,Female,Sports and travel,1,41.076,Credit card,8000,Yes
891-01-7034,Female,Electronic accessories,6,470.673,Cash,3500,Yes
744-09-5786,Male,Electronic accessories,6,138.663,Cash,2000,Yes
727-17-0390,Female,Food and beverages,5,333.9525,Ewallet,5000,Yes
568-88-3448,Male,Health and beauty,1,26.25,Ewallet,4000,Yes
187-83-5490,Male,Electronic accessories,4,87.234,Cash,12000,Yes
767-54-1907,Female,Fashion accessories,5,155.19,Cash,8000,Yes
710-46-4433,Female,Food and beverages,9,731.43,Credit card,3000,Yes
533-33-5337,Male,Electronic accessories,10,833.595,Cash,1000,No
325-90-8763,Female,Electronic accessories,10,488.985,Cash,6000,Yes
729-46-7422,Male,Food and beverages,1,37.6845,Credit card,10000,Yes
639-76-1242,Male,Food and beverages,5,212.73,Cash,12000,Yes
234-03-4040,Female,Food and beverages,10,767.025,Credit card,9000,Yes
326-71-2155,Female,Sports and travel,4,310.59,Cash,8000,Yes
320-32-8842,Female,Food and beverages,1,23.751,Cash,7000,Yes
470-32-9057,Male,Food and beverages,5,269.535,Credit card,1500,Yes
878-30-2331,Female,Sports and travel,10,572.775,Credit card,3000,Yes
440-59-5691,Female,Health and beauty,7,273.0525,Credit card,9000,Yes
554-53-3790,Male,Sports and travel,6,233.226,Cash,3500,Yes
746-19-0921,Male,Food and beverages,1,22.659,Ewallet,5000,Yes
233-34-0817,Female,Electronic accessories,1,103.782,Cash,4000,Yes
767-05-1286,Female,Home and lifestyle,6,527.751,Ewallet,3500,Yes
340-21-9136,Female,Sports and travel,4,168.21,Cash,2000,Yes
405-31-3305,Male,Fashion accessories,10,452.865,Credit card,5000,Yes
731-59-7531,Male,Health and beauty,8,609.588,Cash,4000,Yes
676-39-6028,Female,Electronic accessories,5,338.31,Cash,12000,Yes
502-05-1910,Male,Health and beauty,3,205.317,Credit card,8000,Yes
485-30-8700,Female,Sports and travel,5,174.615,Credit card,3000,Yes
598-47-9715,Male,Electronic accessories,4,353.094,Ewallet,20000,Yes
701-69-8742,Male,Sports and travel,10,360.885,Ewallet,6000,Yes
575-67-1508,Male,Electronic accessories,1,40.53,Ewallet,10000,Yes
541-08-3113,Male,Food and beverages,8,554.148,Cash,12000,Yes
246-11-3901,Female,Electronic accessories,10,344.4,Cash,9000,Yes
674-15-9296,Male,Sports and travel,5,194.985,Ewallet,8000,Yes
305-18-3552,Male,Home and lifestyle,10,633.99,Cash,7000,Yes
493-65-6248,Female,Sports and travel,10,388.29,Credit card,1500,Yes
438-01-4015,Female,Sports and travel,4,207.858,Ewallet,13000,Yes
709-58-4068,Female,Fashion accessories,10,431.445,Cash,9000,Yes
795-49-7276,Male,Fashion accessories,4,156.03,Ewallet,3500,Yes
556-72-8512,Male,Home and lifestyle,1,24.108,Cash,5000,Yes
627-95-3243,Female,Home and lifestyle,9,734.076,Ewallet,4000,Yes
686-41-0932,Female,Fashion accessories,2,72.87,Ewallet,3500,Yes
510-09-5628,Female,Fashion accessories,10,1090.87,Credit card,1200,No
608-04-3797,Female,Health and beauty,8,212.688,Ewallet,5000,Yes
148-82-2527,Female,Home and lifestyle,10,127.26,Credit card,4000,Yes
437-53-3084,Male,Fashion accessories,2,209.769,Ewallet,12000,Yes
632-32-4574,Male,Sports and travel,8,637.728,Cash,8000,Yes
556-97-7101,Female,Electronic accessories,2,132.762,Cash,3000,Yes
862-59-8517,Female,Food and beverages,6,568.512,Cash,20000,Yes
401-18-8016,Female,Sports and travel,1,103.0365,Cash,6000,Yes
420-18-8989,Female,Sports and travel,8,432.768,Cash,10000,Yes
277-63-2961,Male,Sports and travel,1,77.6685,Credit card,12000,Yes
573-98-8548,Female,Fashion accessories,1,33.495,Ewallet,9000,Yes
620-02-2046,Male,Home and lifestyle,2,145.74,Ewallet,8000,Yes
282-35-2475,Female,Sports and travel,2,195.951,Cash,7000,Yes
511-54-3087,Male,Sports and travel,1,92.8725,Credit card,1500,Yes
726-29-6793,Male,Electronic accessories,8,203.112,Ewallet,13000,Yes
387-49-4215,Female,Sports and travel,3,152.775,Cash,9000,Yes
862-17-9201,Female,Food and beverages,6,529.515,Credit card,3500,Yes
291-21-5991,Male,Health and beauty,5,321.7725,Cash,5000,Yes
602-80-9671,Female,Home and lifestyle,6,100.485,Credit card,4000,Yes
347-72-6115,Female,Sports and travel,7,666.939,Credit card,3500,Yes
209-61-0206,Female,Home and lifestyle,5,225.2775,Ewallet,2000,Yes
595-27-4851,Female,Fashion accessories,7,398.958,Ewallet,5000,Yes
189-52-0236,Male,Electronic accessories,7,731.6925,Cash,1000,No
503-07-0930,Male,Sports and travel,7,429.1665,Credit card,12000,Yes
413-20-6708,Female,Fashion accessories,1,54.0435,Ewallet,8000,Yes
425-85-2085,Male,Health and beauty,5,288.015,Ewallet,3000,Yes
521-18-7827,Male,Home and lifestyle,5,206.7975,Credit card,20000,Yes
600-38-9738,Male,Sports and travel,5,377.58,Credit card,6000,Yes
734-91-1155,Female,Electronic accessories,3,143.9865,Credit card,10000,Yes
451-28-5717,Female,Home and lifestyle,6,523.971,Cash,12000,Yes
609-81-8548,Female,Home and lifestyle,6,235.872,Credit card,9000,Yes
133-14-7229,Male,Health and beauty,2,132.027,Cash,8000,Yes
534-01-4457,Male,Food and beverages,6,514.773,Credit card,7000,No
719-89-8991,Female,Sports and travel,5,479.9025,Ewallet,1000,No
286-62-6248,Male,Fashion accessories,4,1372.97,Credit card,1000,No
339-38-9982,Male,Fashion accessories,2,1250.78,Ewallet,1200,No
827-44-5872,Female,Food and beverages,20,1628.9,Credit card,3000,No
827-77-7633,Male,Sports and travel,9,926.9505,Cash,1000,No
287-83-1405,Male,Health and beauty,6,160.209,Ewallet,4000,Yes
435-13-4908,Male,Fashion accessories,8,728.112,Credit card,3500,Yes
857-67-9057,Male,Electronic accessories,10,240.975,Ewallet,2000,Yes
236-27-1144,Female,Food and beverages,9,154.1295,Ewallet,5000,Yes
892-05-6689,Female,Home and lifestyle,5,148.68,Ewallet,4000,Yes
583-41-4548,Male,Home and lifestyle,7,122.5245,Ewallet,12000,Yes
339-12-4827,Female,Fashion accessories,1,77.658,Credit card,8000,Yes
643-38-7867,Male,Home and lifestyle,1,102.837,Ewallet,3000,Yes
308-81-0538,Female,Fashion accessories,4,306.81,Credit card,2000,Yes
358-88-9262,Female,Food and beverages,6,551.124,Ewallet,6000,Yes
460-35-4390,Male,Home and lifestyle,3,96.642,Ewallet,10000,Yes
343-87-0864,Male,Health and beauty,1,79.674,Credit card,12000,Yes
173-50-1108,Female,Sports and travel,4,84.756,Credit card,9000,Yes
243-47-2663,Male,Electronic accessories,6,118.251,Credit card,8000,Yes
841-18-8232,Female,Food and beverages,1,74.76,Credit card,7000,Yes
701-23-5550,Male,Home and lifestyle,4,163.002,Ewallet,1500,Yes
647-50-1224,Female,Fashion accessories,10,308.91,Ewallet,13000,Yes
541-48-8554,Male,Sports and travel,9,575.9775,Credit card,9000,Yes
539-21-7227,Female,Sports and travel,5,270.585,Cash,3500,Yes
213-32-1216,Female,Electronic accessories,6,416.178,Cash,5000,Yes
747-58-7183,Male,Fashion accessories,3,180.4005,Ewallet,4000,Yes
582-52-8065,Female,Fashion accessories,9,513.2295,Cash,15000,Yes
210-57-1719,Female,Health and beauty,9,550.368,Cash,5000,Yes
399-69-4630,Male,Electronic accessories,6,139.923,Credit card,3500,Yes
134-75-2619,Male,Electronic accessories,7,142.002,Cash,2000,Yes
356-44-8813,Male,Home and lifestyle,3,118.062,Credit card,5000,Yes
198-66-9832,Female,Fashion accessories,2,151.284,Cash,4000,Yes
283-26-5248,Female,Food and beverages,10,1034.46,Ewallet,12000,Yes
712-39-0363,Male,Food and beverages,6,262.458,Ewallet,8000,Yes
218-59-9410,Female,Home and lifestyle,3,228.123,Ewallet,3000,Yes
174-75-0888,Male,Electronic accessories,9,203.931,Cash,20000,Yes
866-99-7614,Male,Food and beverages,10,936.6,Credit card,6000,Yes
134-54-4720,Female,Electronic accessories,8,356.328,Ewallet,10000,Yes
760-90-2357,Male,Electronic accessories,6,469.413,Ewallet,12000,Yes
514-37-2845,Male,Fashion accessories,2,208.425,Cash,9000,Yes
698-98-5964,Female,Food and beverages,10,852.705,Credit card,8000,Yes
718-57-9773,Female,Sports and travel,10,517.965,Credit card,7000,Yes
651-88-7328,Female,Fashion accessories,9,621.243,Cash,1500,Yes
241-11-2261,Female,Fashion accessories,7,586.971,Credit card,13000,Yes
408-26-9866,Female,Sports and travel,7,543.753,Ewallet,9000,Yes
834-83-1826,Female,Home and lifestyle,5,430.71,Credit card,3500,Yes
343-61-3544,Male,Sports and travel,10,280.035,Cash,5000,Yes
239-48-4278,Male,Food and beverages,7,74.4555,Ewallet,4000,Yes
355-34-6244,Male,Food and beverages,2,152.019,Credit card,3500,Yes
550-84-8664,Male,Sports and travel,5,451.0275,Credit card,2000,Yes
339-96-8318,Male,Fashion accessories,7,597.6285,Ewallet,1000,No
458-61-0011,Male,Food and beverages,4,253.26,Cash,4000,Yes
592-34-6155,Male,Food and beverages,4,133.434,Ewallet,12000,Yes
797-88-0493,Female,Health and beauty,4,269.934,Cash,8000,Yes
207-73-1363,Male,Health and beauty,2,145.971,Ewallet,3000,Yes
390-31-6381,Male,Food and beverages,3,85.743,Cash,20000,Yes
443-82-0585,Female,Health and beauty,4,326.256,Cash,6000,Yes
339-18-7061,Female,Fashion accessories,2,195.258,Credit card,10000,Yes
359-90-3665,Female,Fashion accessories,4,75.936,Credit card,12000,Yes
375-72-3056,Male,Sports and travel,3,198.639,Ewallet,9000,Yes
127-47-6963,Male,Health and beauty,4,217.182,Credit card,8000,Yes
278-86-2735,Female,Food and beverages,3,164.871,Cash,7000,Yes
695-28-6250,Female,Sports and travel,5,226.065,Ewallet,1500,Yes
379-17-6588,Male,Fashion accessories,10,625.905,Cash,1000,No
227-50-3718,Male,Health and beauty,5,76.755,Cash,9000,Yes
302-15-2162,Male,Health and beauty,6,293.139,Credit card,3500,Yes
788-07-8452,Female,Home and lifestyle,7,178.164,Ewallet,5000,Yes
560-49-6611,Female,Sports and travel,1,47.859,Cash,4000,Yes
880-35-0356,Female,Sports and travel,3,236.88,Ewallet,12000,Yes
585-11-6748,Male,Sports and travel,3,304.92,Cash,5000,Yes
470-31-3286,Male,Health and beauty,3,46.683,Credit card,4000,Yes
152-68-2907,Male,Food and beverages,3,164.43,Credit card,18000,Yes
123-35-4896,Female,Sports and travel,9,440.937,Ewallet,8000,Yes
258-69-7810,Female,Fashion accessories,5,193.4625,Cash,3000,Yes
334-64-2006,Female,Home and lifestyle,2,147.672,Ewallet,4500,Yes
219-61-4139,Male,Electronic accessories,1,87.234,Ewallet,6000,Yes
881-41-7302,Female,Fashion accessories,1,68.2395,Credit card,3500,Yes
373-09-4567,Male,Food and beverages,10,814.38,Ewallet,2000,Yes
642-30-6693,Female,Sports and travel,6,343.413,Ewallet,5000,Yes
484-22-8230,Female,Fashion accessories,7,381.3915,Cash,4000,Yes
830-58-2383,Male,Home and lifestyle,4,133.35,Cash,12000,Yes
559-98-9873,Female,Fashion accessories,7,394.3275,Ewallet,8000,Yes
544-32-5024,Female,Food and beverages,4,209.118,Credit card,3000,Yes
318-12-0304,Male,Fashion accessories,1,32.1405,Ewallet,20000,Yes
349-97-8902,Male,Food and beverages,2,121.569,Ewallet,6000,Yes
421-95-9805,Female,Electronic accessories,1,30.408,Credit card,10000,Yes
277-35-5865,Female,Food and beverages,9,935.2665,Cash,1000,No
789-23-8625,Male,Fashion accessories,3,293.643,Cash,9000,Yes
284-54-4231,Male,Sports and travel,1,84.9765,Credit card,8000,Yes
443-59-0061,Male,Food and beverages,10,708.225,Ewallet,7000,Yes
509-29-3912,Female,Sports and travel,9,365.904,Ewallet,1500,Yes
327-40-9673,Male,Sports and travel,6,457.38,Cash,13000,Yes
840-19-2096,Male,Electronic accessories,5,461.5275,Ewallet,9000,Yes
828-46-6863,Male,Food and beverages,6,620.739,Credit card,3500,Yes
641-96-3695,Female,Fashion accessories,6,273.798,Ewallet,5000,Yes
420-97-3340,Female,Food and beverages,3,225.792,Credit card,4000,Yes
436-54-4512,Female,Food and beverages,1,96.1905,Cash,3500,Yes
670-79-6321,Female,Home and lifestyle,7,695.2365,Credit card,2000,Yes
852-62-7105,Female,Fashion accessories,10,874.125,Credit card,5000,Yes
598-06-7312,Male,Fashion accessories,1,95.9175,Cash,4000,Yes
135-13-8269,Female,Food and beverages,2,165.648,Cash,12000,Yes
816-57-2053,Male,Sports and travel,2,127.827,Ewallet,8000,Yes
628-90-8624,Male,Health and beauty,10,867.09,Cash,3000,Yes
856-66-2701,Male,Home and lifestyle,3,167.895,Ewallet,7000,Yes
308-39-1707,Female,Fashion accessories,1,12.6945,Credit card,6000,Yes
149-61-1929,Male,Sports and travel,10,673.995,Credit card,10000,Yes
655-07-2265,Male,Electronic accessories,3,246.6765,Ewallet,12000,Yes
589-02-8023,Male,Food and beverages,2,175.917,Credit card,9000,Yes
420-04-7590,Male,Home and lifestyle,3,314.055,Ewallet,8000,Yes
182-88-2763,Male,Food and beverages,3,251.7165,Credit card,7000,Yes
188-55-0967,Male,Health and beauty,10,697.935,Credit card,1500,Yes
610-46-4100,Male,Health and beauty,7,212.7825,Credit card,13000,Yes
318-81-2368,Female,Electronic accessories,1,48.51,Cash,9000,Yes
364-33-8584,Female,Food and beverages,5,92.5575,Cash,3500,Yes
665-63-9737,Male,Fashion accessories,3,165.123,Ewallet,5000,Yes
695-09-5146,Female,Food and beverages,3,311.1885,Ewallet,4000,Yes
155-45-3814,Female,Electronic accessories,8,743.82,Ewallet,7000,Yes
794-32-2436,Male,Electronic accessories,2,116.907,Ewallet,1500,Yes
131-15-8856,Female,Food and beverages,8,609.168,Credit card,13000,Yes
273-84-2164,Male,Electronic accessories,5,63.2625,Ewallet,9000,Yes
706-36-6154,Male,Home and lifestyle,9,182.952,Ewallet,12000,Yes
778-89-7974,Male,Health and beauty,6,442.323,Cash,5000,Yes
574-31-8277,Male,Fashion accessories,1,35.3115,Cash,4000,Yes
859-71-0933,Female,Sports and travel,2,32.529,Cash,7000,Yes
740-11-5257,Male,Electronic accessories,10,259.77,Cash,1500,Yes
369-82-2676,Male,Electronic accessories,5,397.215,Ewallet,13000,Yes
563-47-4072,Female,Health and beauty,6,351.603,Cash,9000,Yes
742-04-5161,Male,Home and lifestyle,10,764.19,Cash,12000,Yes
149-15-7606,Male,Sports and travel,9,352.674,Ewallet,5000,Yes
133-77-3154,Male,Fashion accessories,4,252.756,Credit card,4000,Yes
169-52-4504,Female,Electronic accessories,3,49.4235,Credit card,18000,Yes
250-81-7186,Female,Electronic accessories,1,104.6745,Credit card,8000,Yes
562-12-5430,Female,Fashion accessories,3,277.6725,Ewallet,3000,Yes
816-72-8853,Female,Sports and travel,5,146.6325,Cash,4500,Yes
491-38-3499,Male,Fashion accessories,1,58.2225,Credit card,6000,Yes
322-02-2271,Female,Sports and travel,3,135.3555,Cash,10000,Yes
842-29-4695,Male,Sports and travel,7,125.979,Credit card,2000,Yes
725-67-2480,Female,Fashion accessories,6,370.125,Credit card,9000,Yes
641-51-2661,Female,Food and beverages,10,914.55,Credit card,8000,Yes
714-02-3114,Female,Sports and travel,2,207.48,Cash,7000,Yes
518-17-2983,Female,Fashion accessories,4,204.246,Ewallet,1500,Yes
779-42-2410,Male,Food and beverages,3,181.881,Ewallet,13000,Yes
190-14-3147,Female,Health and beauty,4,75.474,Ewallet,9000,Yes
408-66-6712,Female,Health and beauty,6,300.573,Ewallet,12000,Yes
679-22-6530,Female,Sports and travel,2,85.302,Credit card,5000,Yes
588-47-8641,Male,Fashion accessories,10,588.42,Ewallet,4000,Yes
642-61-4706,Male,Food and beverages,2,196.14,Cash,13000,Yes
576-31-4774,Female,Health and beauty,3,231.2415,Ewallet,9000,Yes
556-41-6224,Male,Health and beauty,8,282.576,Credit card,12000,Yes
811-03-8790,Female,Electronic accessories,10,477.54,Credit card,5000,Yes
242-11-3142,Male,Fashion accessories,2,175.917,Cash,4000,Yes
752-23-3760,Female,Sports and travel,7,470.988,Credit card,8000,Yes
274-05-5470,Female,Food and beverages,4,308.574,Cash,7000,Yes
648-94-3045,Male,Health and beauty,10,618.975,Ewallet,1500,Yes
130-67-4723,Male,Food and beverages,6,305.55,Ewallet,13000,Yes
528-87-5606,Female,Electronic accessories,1,41.454,Cash,9000,Yes
320-85-2052,Female,Sports and travel,1,36.5505,Credit card,12000,Yes
370-96-0655,Female,Fashion accessories,6,310.716,Ewallet,5000,Yes
105-10-6182,Male,Fashion accessories,2,45.108,Ewallet,4000,Yes
510-79-0415,Female,Sports and travel,6,145.404,Ewallet,18000,Yes
241-96-5076,Female,Home and lifestyle,2,103.11,Credit card,8000,Yes
767-97-4650,Female,Sports and travel,2,136.143,Credit card,3000,Yes
648-83-1321,Male,Home and lifestyle,10,667.38,Cash,4500,Yes
173-57-2300,Male,Sports and travel,2,153.048,Cash,6000,Yes
305-03-2383,Female,Food and beverages,3,211.365,Cash,10000,Yes
394-55-6384,Female,Sports and travel,9,663.2955,Cash,2000,Yes
266-20-6657,Male,Food and beverages,7,404.544,Ewallet,1200,No
689-05-1884,Male,Health and beauty,10,510.615,Cash,9000,Yes
196-01-2849,Female,Fashion accessories,7,539.343,Cash,8000,Yes
372-62-5264,Female,Food and beverages,9,497.07,Cash,7000,Yes
800-09-8606,Female,Home and lifestyle,5,458.6925,Cash,1500,Yes
182-52-7000,Female,Sports and travel,4,113.568,Ewallet,13000,Yes
826-58-8051,Male,Home and lifestyle,4,261.198,Ewallet,9000,Yes
868-06-0466,Male,Electronic accessories,9,657.531,Credit card,12000,Yes
751-41-9720,Male,Home and lifestyle,10,1023.75,Ewallet,5000,Yes
626-43-7888,Female,Fashion accessories,8,507.444,Ewallet,4000,Yes
176-64-7711,Male,Food and beverages,3,101.808,Credit card,18000,Yes
191-29-0321,Female,Fashion accessories,10,207.585,Credit card,8000,Yes
729-06-2010,Male,Health and beauty,9,760.4415,Cash,1500,No
640-48-5028,Female,Home and lifestyle,9,835.2855,Cash,1200,No
186-79-9562,Male,Health and beauty,7,527.5095,Cash,1300,No
834-45-5519,Female,Electronic accessories,4,180.6,Ewallet,10000,Yes
162-65-8559,Male,Food and beverages,1,72.429,Cash,2000,Yes
760-27-5490,Male,Fashion accessories,8,131.208,Ewallet,12000,Yes
445-30-9252,Male,Sports and travel,3,80.955,Ewallet,5000,Yes
786-94-2700,Male,Food and beverages,6,507.906,Cash,2000,No
728-88-7867,Female,Home and lifestyle,4,317.226,Ewallet,1800,No
183-21-3799,Female,Electronic accessories,9,733.6035,Ewallet,1000,No
268-20-3585,Female,Health and beauty,9,130.8825,Ewallet,3000,Yes
735-32-9839,Male,Fashion accessories,8,829.08,Ewallet,4500,Yes
258-92-7466,Female,Health and beauty,5,187.32,Credit card,6000,Yes
857-16-3520,Female,Fashion accessories,7,525.231,Ewallet,10000,Yes
482-17-1179,Male,Electronic accessories,3,37.611,Credit card,2000,Yes
788-21-5741,Male,Fashion accessories,3,142.947,Credit card,12000,Yes
821-14-9046,Female,Fashion accessories,6,110.124,Credit card,5000,Yes
418-05-0656,Female,Fashion accessories,7,187.866,Cash,4000,Yes
678-79-0726,Female,Sports and travel,9,856.4535,Cash,18000,Yes
776-68-1096,Male,Home and lifestyle,3,138.978,Credit card,8000,Yes
592-46-1692,Female,Food and beverages,7,270.2595,Cash,3000,Yes
434-35-9162,Male,Food and beverages,4,98.028,Ewallet,4500,Yes
149-14-0304,Female,Health and beauty,8,239.4,Cash,6000,Yes
442-44-6497,Male,Home and lifestyle,3,175.0455,Credit card,10000,Yes
174-64-0215,Male,Sports and travel,10,732.27,Credit card,2000,Yes
210-74-9613,Male,Fashion accessories,4,408.492,Ewallet,12000,Yes
299-29-0180,Female,Home and lifestyle,7,383.523,Cash,5000,Yes
247-11-2470,Female,Fashion accessories,4,93.744,Credit card,4000,Yes
635-28-5728,Male,Health and beauty,3,176.4,Ewallet,18000,Yes
756-49-0168,Male,Fashion accessories,1,20.685,Ewallet,8000,Yes
438-23-1242,Male,Electronic accessories,7,557.718,Ewallet,1200,No
238-45-6950,Male,Food and beverages,1,56.406,Ewallet,4500,Yes
607-65-2441,Male,Health and beauty,10,860.475,Credit card,6000,Yes
386-27-7606,Female,Home and lifestyle,7,596.82,Credit card,10000,Yes
137-63-5492,Male,Electronic accessories,10,616.98,Ewallet,2000,Yes
197-77-7132,Male,Electronic accessories,8,769.104,Ewallet,1000,No
805-86-0265,Male,Home and lifestyle,9,887.922,Cash,1000,No
733-29-1227,Male,Home and lifestyle,7,408.7335,Cash,4000,Yes
451-73-2711,Male,Food and beverages,1,89.0715,Ewallet,18000,Yes
373-14-0504,Female,Sports and travel,2,150.423,Ewallet,8000,Yes
546-80-2899,Male,Home and lifestyle,2,79.149,Ewallet,3000,Yes
345-68-9016,Female,Sports and travel,8,266.028,Credit card,4500,Yes
390-17-5806,Female,Food and beverages,1,40.341,Cash,6000,Yes
457-13-1708,Male,Fashion accessories,10,684.915,Credit card,10000,Yes
664-14-2882,Female,Home and lifestyle,5,55.2825,Credit card,2000,Yes
487-79-6868,Female,Home and lifestyle,9,116.1405,Credit card,12000,Yes
314-23-4520,Male,Health and beauty,7,597.0405,Cash,5000,Yes
210-30-7976,Female,Fashion accessories,4,93.744,Ewallet,4000,Yes
585-86-8361,Female,Food and beverages,5,143.22,Credit card,18000,Yes
807-14-7833,Female,Electronic accessories,10,182.91,Ewallet,8000,Yes
775-72-1988,Male,Home and lifestyle,5,384.72,Ewallet,3000,Yes
288-38-3758,Female,Fashion accessories,3,267.3405,Ewallet,4500,Yes
652-43-6591,Female,Fashion accessories,8,817.236,Credit card,6000,Yes
785-96-0615,Female,Electronic accessories,8,300.216,Ewallet,10000,Yes
406-46-7107,Female,Home and lifestyle,6,608.076,Cash,2000,Yes
250-17-5703,Male,Food and beverages,10,1970.78,Ewallet,6000,Yes
156-95-3964,Female,Food and beverages,4,232.638,Ewallet,4500,Yes
842-40-8179,Female,Food and beverages,10,810.6,Credit card,1500,No
525-09-8450,Male,Electronic accessories,10,757.365,Credit card,1200,No
410-67-1709,Female,Fashion accessories,8,536.592,Ewallet,2000,No
587-73-4862,Female,Health and beauty,5,56.1225,Ewallet,8000,Yes
787-87-2010,Male,Health and beauty,4,233.1,Credit card,3000,Yes
593-14-4239,Female,Home and lifestyle,8,801.864,Ewallet,4500,Yes
801-88-0346,Female,Fashion accessories,3,239.589,Credit card,6000,Yes
388-76-2555,Male,Sports and travel,6,86.247,Cash,10000,Yes
711-31-1234,Female,Electronic accessories,4,401.688,Cash,2000,Yes
886-54-6089,Female,Home and lifestyle,6,72.009,Cash,2000,Yes
707-32-7409,Female,Sports and travel,4,401.268,Ewallet,12000,Yes
759-98-4285,Female,Health and beauty,7,631.1445,Credit card,1500,No
201-63-8275,Female,Sports and travel,7,499.7265,Ewallet,2000,No
471-06-8611,Female,Food and beverages,1,55.041,Credit card,19000,Yes
200-16-5952,Male,Food and beverages,2,137.865,Cash,20000,Yes
120-54-2248,Female,Food and beverages,5,151.515,Credit card,43000,Yes
102-77-2261,Male,Health and beauty,7,480.0285,Credit card,12000,Yes
875-31-8302,Male,Sports and travel,1,98.049,Cash,9000,Yes
102-06-2002,Male,Sports and travel,5,132.5625,Cash,8000,Yes
457-94-0464,Male,Electronic accessories,9,830.3715,Ewallet,7000,Yes
629-42-4133,Male,Health and beauty,8,183.12,Cash,1500,Yes
534-53-3526,Female,Sports and travel,4,397.992,Ewallet,13000,Yes
307-04-2070,Female,Fashion accessories,1,32.151,Credit card,9000,Yes
468-99-7231,Female,Home and lifestyle,8,369.684,Cash,12000,Yes
516-77-6464,Female,Health and beauty,5,53.34,Ewallet,5000,Yes
404-91-5964,Male,Electronic accessories,7,548.163,Credit card,4000,Yes
886-77-9084,Male,Electronic accessories,8,603.876,Ewallet,18000,Yes
790-38-4466,Female,Health and beauty,5,57.6975,Credit card,8000,Yes
704-10-4056,Male,Health and beauty,17,1900.23,Credit card,3500,No
497-37-6538,Male,Sports and travel,7,432.9885,Ewallet,4500,Yes
651-96-5970,Male,Fashion accessories,1,48.7305,Credit card,6000,Yes
400-80-4065,Male,Health and beauty,4,287.91,Credit card,10000,Yes
744-16-7898,Female,Home and lifestyle,10,1022.385,Credit card,2000,Yes
263-12-5321,Male,Electronic accessories,7,680.61,Credit card,22000,Yes
702-72-0487,Female,Electronic accessories,2,97.881,Credit card,6500,No
605-83-1050,Male,Fashion accessories,12,750.23,Ewallet,5000,No
443-60-9639,Female,Home and lifestyle,1,63.9135,Cash,3500,No
864-24-7918,Female,Sports and travel,10,257.145,Cash,23000,Yes
359-94-5395,Male,Health and beauty,1,97.419,Credit card,20000,Yes
401-09-4232,Male,Home and lifestyle,5,455.1225,Ewallet,28000,Yes
751-15-6198,Male,Sports and travel,6,144.963,Ewallet,30000,Yes
324-41-6833,Female,Electronic accessories,8,253.68,Ewallet,27000,Yes
474-33-8305,Male,Fashion accessories,7,495.3165,Ewallet,18000,Yes
759-29-9521,Female,Fashion accessories,9,462.672,Cash,4000,Yes
831-81-6575,Female,Electronic accessories,9,714.3255,Cash,1500,No
220-68-6701,Female,Home and lifestyle,4,325.374,Cash,3500,Yes
618-34-8551,Female,Sports and travel,2,195.678,Credit card,2000,Yes
257-60-7754,Female,Electronic accessories,4,210.966,Cash,5000,Yes
559-61-5987,Female,Health and beauty,1,18.6375,Cash,4000,Yes
189-55-2313,Female,Fashion accessories,10,652.89,Ewallet,12000,Yes
565-91-4567,Male,Health and beauty,8,90.3,Ewallet,8000,Yes
380-60-5336,Female,Electronic accessories,10,422.73,Credit card,3000,Yes
815-04-6282,Female,Sports and travel,5,341.0925,Credit card,20000,Yes
674-56-6360,Male,Electronic accessories,1,99.9075,Cash,6000,Yes
778-34-2523,Female,Electronic accessories,8,408.408,Cash,10000,Yes
499-27-7781,Female,Food and beverages,8,446.964,Ewallet,12000,Yes
477-59-2456,Female,Fashion accessories,7,333.984,Cash,9000,Yes
832-51-6761,Male,Food and beverages,8,284.592,Ewallet,8000,Yes
869-11-3082,Male,Health and beauty,4,403.872,Credit card,7000,Yes
190-59-3964,Male,Food and beverages,5,247.59,Credit card,1500,Yes
366-43-6862,Male,Electronic accessories,4,222.138,Ewallet,13000,Yes
186-43-8965,Female,Home and lifestyle,12,400.87,Credit card,1000,No
784-21-9238,Male,Sports and travel,1,10.6785,Cash,3500,Yes
276-75-6884,Female,Health and beauty,3,216.4365,Cash,5000,Yes
109-86-4363,Female,Sports and travel,7,441.588,Credit card,4000,Yes
569-76-2760,Female,Sports and travel,4,92.442,Credit card,1500,Yes
222-42-0244,Female,Health and beauty,9,681.4395,Credit card,1200,No
760-53-9233,Male,Fashion accessories,3,130.032,Credit card,4500,Yes
538-22-0304,Male,Electronic accessories,10,681.975,Cash,5000,Yes
416-17-9926,Female,Electronic accessories,10,779.31,Credit card,3500,Yes
237-44-6163,Male,Electronic accessories,8,88.704,Cash,2000,Yes
636-17-0325,Male,Health and beauty,4,262.794,Cash,5000,Yes
343-75-9322,Female,Sports and travel,8,99.54,Cash,4000,Yes
528-14-9470,Male,Health and beauty,1,95.865,Ewallet,12000,Yes
427-45-9297,Female,Home and lifestyle,7,299.3655,Ewallet,8000,Yes
807-34-3742,Male,Fashion accessories,1,54.999,Cash,3000,Yes
288-62-1085,Male,Fashion accessories,5,202.335,Ewallet,20000,Yes
670-71-7306,Male,Sports and travel,6,281.169,Credit card,6000,Yes
660-29-7083,Male,Electronic accessories,10,586.635,Cash,10000,Yes
271-77-8740,Female,Sports and travel,6,184.086,Ewallet,12000,Yes
497-36-0989,Male,Fashion accessories,3,163.611,Cash,9000,Yes
291-59-1384,Male,Electronic accessories,1,63.315,Cash,8000,Yes
860-73-6466,Female,Sports and travel,2,82.887,Credit card,7000,Yes
549-23-9016,Female,Food and beverages,2,31.227,Credit card,1500,Yes
896-34-0956,Male,Fashion accessories,1,22.386,Cash,13000,Yes
804-38-3935,Male,Electronic accessories,3,295.407,Credit card,9000,Yes
585-90-0249,Male,Electronic accessories,1,76.923,Ewallet,3500,Yes
862-29-5914,Female,Sports and travel,1,23.499,Credit card,5000,Yes
845-94-6841,Female,Food and beverages,9,688.716,Cash,4000,No
125-45-2293,Female,Fashion accessories,6,624.33,Cash,3500,No
843-73-4724,Male,Fashion accessories,1,77.805,Cash,2000,Yes
409-33-9708,Female,Fashion accessories,2,206.808,Ewallet,5000,Yes
658-66-3967,Male,Health and beauty,7,390.9465,Ewallet,4000,Yes
866-70-2814,Female,Electronic accessories,10,554.295,Ewallet,12000,Yes
160-22-2687,Female,Health and beauty,5,503.7375,Ewallet,8000,Yes
895-03-6665,Female,Fashion accessories,9,345.0195,Cash,3000,Yes
770-42-8960,Male,Food and beverages,8,177.408,Cash,20000,Yes
748-45-2862,Female,Home and lifestyle,4,118.902,Cash,6000,Yes
234-36-2483,Male,Health and beauty,6,362.817,Cash,1000,No
316-66-3011,Female,Food and beverages,9,450.1035,Cash,1200,No
848-95-6252,Female,Home and lifestyle,1,90.5835,Ewallet,9000,Yes
840-76-5966,Male,Sports and travel,2,26.796,Ewallet,8000,Yes
152-03-4217,Female,Home and lifestyle,9,106.596,Credit card,7000,Yes
533-66-5566,Female,Home and lifestyle,7,375.3645,Cash,1500,Yes
124-31-1458,Female,Electronic accessories,3,1280.67,Cash,1500,No
176-78-1170,Male,Health and beauty,3,106.5015,Ewallet,9000,Yes
361-59-0574,Male,Sports and travel,8,760.452,Credit card,2000,No
101-81-4070,Female,Health and beauty,2,131.922,Ewallet,5000,Yes
631-34-1880,Male,Food and beverages,3,76.5765,Credit card,4000,Yes
852-82-2749,Male,Sports and travel,4,271.278,Ewallet,25000,Yes
873-14-6353,Male,Food and beverages,7,182.427,Credit card,12000,Yes
584-66-4073,Male,Fashion accessories,1,59.325,Ewallet,9000,Yes
544-55-9589,Female,Electronic accessories,10,225.015,Cash,8000,Yes
166-19-2553,Male,Sports and travel,6,561.078,Cash,1500,No
737-88-5876,Male,Home and lifestyle,4,97.818,Credit card,1500,Yes
154-87-7367,Male,Home and lifestyle,8,548.184,Ewallet,13000,Yes
885-56-0389,Male,Fashion accessories,1,54.9675,Cash,9000,Yes
608-05-3804,Male,Electronic accessories,1,41.7375,Cash,3500,Yes
448-61-3783,Female,Electronic accessories,8,756.168,Credit card,5000,No
761-49-0439,Female,Electronic accessories,8,101.64,Ewallet,4000,Yes
490-95-0021,Female,Food and beverages,10,348.705,Ewallet,12000,Yes
115-38-7388,Female,Fashion accessories,8,85.512,Credit card,9000,Yes
311-13-6971,Male,Sports and travel,10,335.895,Credit card,8000,Yes
291-55-6563,Female,Home and lifestyle,6,216.846,Ewallet,7000,Yes
548-48-3156,Female,Food and beverages,2,175.014,Cash,1500,Yes
460-93-5834,Male,Sports and travel,7,335.013,Cash,13000,Yes
325-89-4209,Male,Food and beverages,1,92.295,Ewallet,9000,Yes
884-80-6021,Female,Electronic accessories,10,771.435,Ewallet,3500,Yes
137-74-8729,Female,Fashion accessories,8,102.396,Ewallet,5000,Yes
880-46-5796,Male,Sports and travel,10,807.66,Ewallet,1200,No
389-70-2397,Female,Health and beauty,5,439.215,Cash,12000,Yes
114-35-5271,Female,Electronic accessories,8,486.444,Cash,9000,Yes
607-76-6216,Female,Fashion accessories,5,485.5725,Credit card,8000,Yes
715-20-1673,Male,Electronic accessories,5,148.995,Cash,7000,Yes
811-35-1094,Male,Electronic accessories,6,317.835,Credit card,1500,Yes
699-88-1972,Male,Health and beauty,8,832.944,Credit card,13000,Yes
781-84-8059,Male,Fashion accessories,16,1900.76,Ewallet,1500,No
409-49-6995,Female,Food and beverages,6,297.801,Cash,3500,Yes
725-54-0677,Male,Health and beauty,7,629.16,Cash,5000,Yes
146-09-5432,Male,Food and beverages,9,331.128,Ewallet,4000,Yes
377-79-7592,Female,Electronic accessories,9,423.738,Credit card,12000,Yes
509-10-0516,Male,Home and lifestyle,4,193.074,Ewallet,9000,Yes
595-94-9924,Female,Health and beauty,5,145.5825,Credit card,8000,Yes
865-41-9075,Male,Food and beverages,7,84.7455,Cash,7000,Yes
545-07-8534,Female,Health and beauty,2,122.472,Ewallet,1500,Yes
118-62-1812,Female,Home and lifestyle,4,329.196,Cash,13000,Yes
450-42-3339,Male,Health and beauty,10,888.405,Credit card,9000,Yes
851-98-3555,Female,Health and beauty,5,435.12,Credit card,3500,Yes
186-71-5196,Female,Food and beverages,2,167.034,Ewallet,5000,Yes
624-01-8356,Female,Home and lifestyle,10,514.605,Credit card,4000,Yes
313-66-9943,Female,Food and beverages,3,91.8225,Credit card,12000,Yes
151-27-8496,Female,Electronic accessories,4,235.746,Ewallet,9000,Yes
453-33-6436,Female,Home and lifestyle,8,782.208,Cash,8000,Yes
522-57-8364,Male,Fashion accessories,8,431.256,Ewallet,2000,No
459-45-2396,Female,Food and beverages,3,313.74,Cash,1500,No
717-96-4189,Female,Electronic accessories,14,564.98,Cash,1000,No
722-13-2115,Male,Sports and travel,1,44.9925,Credit card,9000,Yes
749-81-8133,Female,Fashion accessories,4,397.614,Cash,3500,Yes
777-67-2495,Male,Home and lifestyle,3,217.2555,Ewallet,5000,Yes
636-98-3364,Female,Electronic accessories,3,82.719,Ewallet,4000,Yes
246-55-6923,Female,Home and lifestyle,9,338.2155,Credit card,30000,Yes
181-82-6255,Female,Home and lifestyle,6,103.131,Cash,6000,Yes
838-02-1821,Female,Home and lifestyle,2,26.733,Credit card,4000,Yes
887-42-0517,Female,Sports and travel,7,611.079,Credit card,13000,Yes
457-12-0244,Female,Sports and travel,6,221.886,Ewallet,1500,No
226-34-0034,Female,Electronic accessories,4,57.876,Ewallet,12000,Yes
321-49-7382,Male,Sports and travel,1,92.7255,Credit card,5000,Yes
397-25-8725,Female,Health and beauty,9,374.409,Credit card,4000,Yes
431-66-2305,Female,Electronic accessories,9,833.9625,Credit card,15000,Yes
825-94-5922,Male,Sports and travel,2,53.151,Ewallet,12000,Yes
641-62-7288,Male,Home and lifestyle,6,629.496,Ewallet,7000,Yes
756-93-1854,Female,Fashion accessories,2,175.035,Credit card,4000,Yes
243-55-8457,Female,Food and beverages,10,781.62,Ewallet,5000,Yes
458-10-8612,Male,Health and beauty,7,470.988,Ewallet,3000,Yes
501-61-1753,Female,Home and lifestyle,6,397.845,Ewallet,12000,Yes
235-06-8510,Male,Home and lifestyle,3,270.018,Ewallet,4500,Yes
433-08-7822,Female,Health and beauty,7,579.8415,Ewallet,4000,Yes
361-85-2571,Female,Sports and travel,5,469.77,Cash,9000,Yes
131-70-8179,Female,Health and beauty,3,290.0835,Cash,6800,Yes
500-02-2261,Female,Food and beverages,6,360.927,Ewallet,5000,Yes
720-72-2436,Male,Food and beverages,4,279.384,Ewallet,7000,Yes
702-83-5291,Male,Fashion accessories,9,943.299,Cash,2500,No
809-69-9497,Female,Home and lifestyle,10,479.64,Ewallet,8000,Yes
449-16-6770,Male,Health and beauty,5,266.6475,Credit card,4500,Yes
333-23-2632,Male,Health and beauty,7,74.088,Cash,15000,Yes
489-82-1237,Female,Electronic accessories,7,690.018,Credit card,6000,Yes
859-97-6048,Male,Electronic accessories,2,176.925,Credit card,5000,Yes
676-10-2200,Male,Fashion accessories,10,558.975,Ewallet,1500,No
373-88-1424,Male,Home and lifestyle,15,1047.98,Ewallet,2000,No
365-16-4334,Female,Food and beverages,8,222.012,Ewallet,1400,No
503-21-4385,Male,Health and beauty,3,125.7165,Ewallet,3500,No
305-89-2768,Female,Home and lifestyle,3,68.985,Ewallet,2000,No
574-80-1489,Female,Food and beverages,4,263.97,Ewallet,5000,No
784-08-0310,Female,Food and beverages,4,88.368,Cash,16000,Yes
200-40-6154,Male,Home and lifestyle,6,415.233,Cash,7000,No
846-10-0341,Female,Fashion accessories,7,312.8895,Cash,3000,Yes
577-34-7579,Male,Food and beverages,9,477.1305,Cash,2000,No
430-02-3888,Male,Electronic accessories,6,289.926,Cash,3500,No
867-47-1948,Female,Home and lifestyle,10,165.9,Cash,5000,Yes
384-59-6655,Female,Food and beverages,9,932.337,Cash,9000,Yes
256-58-3609,Male,Fashion accessories,1,96.579,Cash,8000,Yes
324-92-3863,Male,Electronic accessories,2,43.869,Cash,7000,Yes
593-08-5916,Female,Fashion accessories,1,16.275,Credit card,1500,Yes
364-34-2972,Male,Electronic accessories,3,304.983,Cash,13000,Yes
794-42-3736,Male,Food and beverages,2,69.993,Credit card,9000,Yes
172-42-8274,Female,Electronic accessories,2,80.367,Credit card,12000,Yes
558-60-5016,Female,Home and lifestyle,9,314.685,Ewallet,5000,Yes
195-06-0432,Male,Home and lifestyle,3,255.1815,Credit card,4000,Yes
605-03-2706,Female,Health and beauty,3,49.77,Cash,8000,Yes
214-30-2776,Female,Electronic accessories,5,181.0725,Credit card,8000,Yes
746-04-1077,Female,Food and beverages,10,888.615,Credit card,3000,Yes
448-34-8700,Male,Home and lifestyle,7,271.2885,Ewallet,4500,Yes
452-04-8808,Male,Electronic accessories,7,640.038,Cash,6000,Yes
531-56-4728,Male,Home and lifestyle,3,252.252,Cash,1500,Yes
744-82-9138,Male,Fashion accessories,2,180.873,Cash,2000,Yes
883-69-1285,Male,Fashion accessories,2,104.832,Credit card,1300,No
221-25-5073,Female,Food and beverages,4,313.572,Cash,2200,No
518-71-6847,Male,Food and beverages,6,167.58,Ewallet,1000,No
156-20-0370,Female,Electronic accessories,1,26.7225,Credit card,1500,No
151-33-7434,Female,Food and beverages,1,71.1585,Credit card,13000,Yes
728-47-9078,Male,Food and beverages,14,780.162,Cash,3500,No
809-46-1866,Male,Health and beauty,4,244.23,Cash,2000,No
139-32-4183,Female,Sports and travel,9,921.186,Ewallet,5000,Yes
148-41-7930,Male,Health and beauty,7,734.706,Cash,4000,Yes
189-40-5216,Male,Electronic accessories,7,708.3195,Cash,12000,Yes
374-38-5555,Female,Fashion accessories,5,334.4775,Ewallet,8000,Yes
764-44-8999,Female,Health and beauty,2,30.996,Ewallet,3000,Yes
552-44-5977,Male,Health and beauty,8,520.8,Credit card,20000,Yes
267-62-7380,Male,Electronic accessories,10,864.57,Ewallet,6000,Yes
430-53-4718,Male,Health and beauty,8,633.108,Credit card,10000,Yes
886-18-2897,Female,Food and beverages,5,296.94,Credit card,12000,Yes
602-16-6955,Female,Sports and travel,10,804.3,Ewallet,9000,Yes
745-74-0715,Male,Electronic accessories,2,121.863,Ewallet,8000,Yes
690-01-6631,Male,Fashion accessories,10,183.645,Ewallet,2200,No
652-49-6720,Female,Electronic accessories,1,63.9975,Ewallet,1500,No
233-67-5758,Male,Health and beauty,1,42.3675,Ewallet,13000,Yes
303-96-2227,Female,Home and lifestyle,10,1022.49,Ewallet,9000,Yes
727-02-1313,Male,Food and beverages,1,33.432,Cash,3500,Yes
347-56-2442,Male,Home and lifestyle,1,69.111,Cash,5000,Yes
849-09-3807,Female,Fashion accessories,7,649.299,Cash,1000,No